method,accuracy,false_consensus_rate,minority_correct_rate,high_disagreement_rate,confidence_mismatch_rate,sample_count
majority_vote,0.485,0.025756655970861155,0.005376810337351487,0.9312288613303269,0.05298759864712514,1000
dynamic_decision,0.498,0.025756655970861155,0.005376810337351487,0.9312288613303269,0.05298759864712514,1000
fixed_judge,0.53,0.025756655970861155,0.005376810337351487,0.9312288613303269,0.05298759864712514,1000
